[
  {
    "id": "606d2f65-7dea-4131-9f46-f8f7fa4b0bda",
    "data": [
      {
        "text": "check ",
        "userDefined": false
      },
      {
        "text": "josh",
        "meta": "@sys.person",
        "alias": "person",
        "userDefined": false
      }
    ],
    "isTemplate": false,
    "count": 0,
    "lang": "en",
    "updated": 0
  },
  {
    "id": "653fbaf4-d9de-4623-83a8-f090c81ae1ae",
    "data": [
      {
        "text": "check  in ",
        "userDefined": false
      },
      {
        "text": "josh",
        "meta": "@sys.person",
        "alias": "person",
        "userDefined": false
      }
    ],
    "isTemplate": false,
    "count": 0,
    "lang": "en",
    "updated": 0
  },
  {
    "id": "99f370f4-95bf-4bb6-b387-c65045d9ea61",
    "data": [
      {
        "text": "im ",
        "userDefined": false
      },
      {
        "text": "josh",
        "meta": "@sys.person",
        "alias": "person",
        "userDefined": false
      }
    ],
    "isTemplate": false,
    "count": 0,
    "lang": "en",
    "updated": 0
  },
  {
    "id": "e9310953-b2dd-4e51-a374-4962983c7d52",
    "data": [
      {
        "text": "my name is ",
        "userDefined": false
      },
      {
        "text": "josh",
        "meta": "@sys.person",
        "alias": "person",
        "userDefined": false
      }
    ],
    "isTemplate": false,
    "count": 0,
    "lang": "en",
    "updated": 0
  }
]